{
  "50": {
    "random": {
      "mean_cv": 0.006226068898353872,
      "std_cv": 0.0010588652807456602,
      "median_cv": 0.006107888053466623,
      "mean_I": 4.429675475612473,
      "n_trials": 200,
      "all_cvs": [
        0.006115689738839185,
        0.007561906243483785,
        0.007759258445744915,
        0.0061026488821975715,
        0.006160922997160582,
        0.0069177602577851615,
        0.006330327140602474,
        0.006934752293502603,
        0.00592675048971939,
        0.005566696818100269,
        0.005870747447513845,
        0.006135160284067968,
        0.005298856635556584,
        0.005108522838495066,
        0.006480558406068458,
        0.007525398378529149,
        0.005817907269736316,
        0.007221152977349422,
        0.005718448194736449,
        0.007825941294022788
      ]
    },
    "hebbian": {
      "mean_cv": 0.007133793802509542,
      "std_cv": 0.0013438600436852612,
      "median_cv": 0.007112085821176207,
      "mean_I": 3.909195682394689,
      "n_trials": 200,
      "all_cvs": [
        0.00786551988370274,
        0.008185604460672296,
        0.00800223736787858,
        0.00468215247558979,
        0.008711820978710753,
        0.007833209663369835,
        0.008023349604537544,
        0.005746264253700102,
        0.006374860027384975,
        0.007220933034522054,
        0.008158712638321455,
        0.009534796235162239,
        0.007577448655845187,
        0.0077336930622101925,
        0.007550556520936178,
        0.006118412522903249,
        0.008977048063059602,
        0.006940343256670496,
        0.007499770098079955,
        0.008518284121992748
      ]
    },
    "attention": {
      "mean_cv": 0.007013537318938801,
      "std_cv": 0.0012342393821050755,
      "median_cv": 0.0069632907935185655,
      "mean_I": 3.9092669783613183,
      "n_trials": 200,
      "all_cvs": [
        0.006736591005814316,
        0.007721988677703289,
        0.008570319328753613,
        0.010666301765061746,
        0.007157163229953056,
        0.008649113838998466,
        0.008209787709132617,
        0.006599029578538279,
        0.006697580040338054,
        0.006928003463292256,
        0.009552082747554841,
        0.007900123170075588,
        0.006665198730089806,
        0.0070813286468870175,
        0.006745182980178935,
        0.007433089360841359,
        0.008687273387687662,
        0.007003728058323915,
        0.006377079380048951,
        0.007891179382760221
      ]
    }
  },
  "100": {
    "random": {
      "mean_cv": 0.00551498471063839,
      "std_cv": 0.0006941869101347711,
      "median_cv": 0.00554416008418491,
      "mean_I": 5.114135832439956,
      "n_trials": 200,
      "all_cvs": [
        0.005645989687789145,
        0.005522740362381402,
        0.004315420682214108,
        0.005170806385134156,
        0.006118236219180483,
        0.006544482604634615,
        0.006357255480898062,
        0.005667721205171092,
        0.005663078393280679,
        0.0059297039460663396,
        0.005903062686357689,
        0.0061575162170682835,
        0.005412052447241546,
        0.004698142011703261,
        0.004826610411722924,
        0.00485955374619169,
        0.005249243477725482,
        0.005560103387723598,
        0.004323407672462921,
        0.0056227077940703835
      ]
    },
    "hebbian": {
      "mean_cv": 0.006072573623571687,
      "std_cv": 0.00070818727676347,
      "median_cv": 0.0060238470203186,
      "mean_I": 4.6023488732383955,
      "n_trials": 200,
      "all_cvs": [
        0.006063199767843487,
        0.0055787477737565,
        0.005786160751243952,
        0.005007302535524819,
        0.006103282017252702,
        0.006366163686016638,
        0.0074577816580319095,
        0.0068237432402518195,
        0.006482554943637543,
        0.007267098421016514,
        0.004835260436062469,
        0.0050873810241832285,
        0.005253708535179322,
        0.006846758632888264,
        0.006661631949844214,
        0.006412817360872175,
        0.006179852678555582,
        0.007034818516280419,
        0.006493269284695281,
        0.0065448356186834445
      ]
    },
    "attention": {
      "mean_cv": 0.0060470608982167275,
      "std_cv": 0.0006852531770334463,
      "median_cv": 0.006039327679666949,
      "mean_I": 4.602372979418044,
      "n_trials": 200,
      "all_cvs": [
        0.0061064161055992645,
        0.006354426056180801,
        0.0056539649242626,
        0.004745980646553396,
        0.005630515173688218,
        0.006217134100290849,
        0.0060826469063914035,
        0.006444909729290615,
        0.0056519026377760085,
        0.00569356289943475,
        0.006098185057086385,
        0.00519878702141668,
        0.006283658339866863,
        0.007007122075032132,
        0.005733142058178756,
        0.00541686999404912,
        0.006962805400129926,
        0.005936502030542085,
        0.00615955158029818,
        0.007483604577437322
      ]
    }
  },
  "200": {
    "random": {
      "mean_cv": 0.004840396020525537,
      "std_cv": 0.0003980186325385099,
      "median_cv": 0.004865841967817872,
      "mean_I": 5.803218266402978,
      "n_trials": 200,
      "all_cvs": [
        0.004778403090393463,
        0.004123205896081065,
        0.004942965745089048,
        0.004180259957623557,
        0.005033503684453669,
        0.005114464233409388,
        0.004925043598331326,
        0.005033354659680156,
        0.004880271482605603,
        0.004619997642235832,
        0.004786848742691029,
        0.004541450627887623,
        0.005060944036346246,
        0.004908603590201592,
        0.0051168462513652745,
        0.00490893853653099,
        0.004647221861260866,
        0.003816727154505579,
        0.005556912748502448,
        0.00483380647262641
      ]
    },
    "hebbian": {
      "mean_cv": 0.0052884782590442,
      "std_cv": 0.000483410420485764,
      "median_cv": 0.0053422295816083504,
      "mean_I": 5.295496492372177,
      "n_trials": 200,
      "all_cvs": [
        0.006070076941517903,
        0.005195335577297572,
        0.004761573947986653,
        0.0047715902964017036,
        0.005337667504729144,
        0.0047934529871678806,
        0.0051457896225901726,
        0.004893358469885125,
        0.004963176553453041,
        0.0047251575702457966,
        0.00505068317840935,
        0.005353370259894455,
        0.00511257274689372,
        0.004988176212688172,
        0.004540811111994541,
        0.004626633341325253,
        0.005459413857212038,
        0.004965016414858614,
        0.006273305932203296,
        0.004639875002291566
      ]
    },
    "attention": {
      "mean_cv": 0.005300326191527474,
      "std_cv": 0.00045981307862505134,
      "median_cv": 0.005313131857063937,
      "mean_I": 5.295496420543858,
      "n_trials": 200,
      "all_cvs": [
        0.00524377830211721,
        0.005283069143691036,
        0.005071857203958322,
        0.004974041502609895,
        0.0058383566776145125,
        0.004814659125795742,
        0.005948623801771965,
        0.00586182572266981,
        0.005046368954269494,
        0.00540260107737975,
        0.006237379371641357,
        0.005623368702215672,
        0.004397277790379306,
        0.00531739797211985,
        0.005792515837828519,
        0.005360210216320277,
        0.005107456702842901,
        0.00522512194869073,
        0.0059433086919244826,
        0.005461045914749349
      ]
    }
  },
  "500": {
    "random": {
      "mean_cv": 0.0041687199967806385,
      "std_cv": 0.0002523829211286898,
      "median_cv": 0.004175922978536419,
      "mean_I": 6.716086299961874,
      "n_trials": 50,