{
  "10": {
    "cv_mean": 4.5944839971801213e-11,
    "cv_std": 6.674478738945946e-11,
    "n": 80
  },
  "20": {
    "cv_mean": 2.417595435546547e-11,
    "cv_std": 3.4534930048892157e-11,
    "n": 80
  },
  "50": {
    "cv_mean": 1.3817967773172976e-11,
    "cv_std": 1.0614101591392254e-11,
    "n": 80
  },
  "100": {
    "cv_mean": 9.388916280315698e-12,
    "cv_std": 3.9385215125490635e-12,
    "n": 80
  }
}