{
  "10": {
    "cv_mean": 1.1145087782438812e-16,
    "cv_std": 1.0709250931111561e-16,
    "n": 80
  },
  "20": {
    "cv_mean": 1.1851522419820012e-16,
    "cv_std": 1.1637736767330614e-16,
    "n": 80
  },
  "50": {
    "cv_mean": 1.0046915466415912e-16,
    "cv_std": 9.200484827647616e-17,
    "n": 80
  },
  "100": {
    "cv_mean": 1.1676834637496895e-16,
    "cv_std": 9.99154320935788e-17,
    "n": 80
  }
}