{
  "0.0": {
    "cv": 0.0,
    "std": 0.0,
    "n": 100
  },
  "0.1": {
    "cv": 0.0,
    "std": 0.0,
    "n": 100
  },
  "0.5": {
    "cv": 1.544105359376881e-16,
    "std": 2.465190328815662e-32,
    "n": 100
  },
  "1.0": {
    "cv": 0.0,
    "std": 0.0,
    "n": 100
  },
  "2.0": {
    "cv": 0.0,
    "std": 0.0,
    "n": 100
  },
  "5.0": {
    "cv": 1.2581440374145778e-16,
    "std": 2.465190328815662e-32,
    "n": 100
  },
  "10.0": {
    "cv": 1.504822224955982e-16,
    "std": 2.465190328815662e-32,
    "n": 100
  }
}