{
  "random": {
    "0.0": {
      "mean_cv": 0.006277902843747072,
      "std_cv": 0.0011833590050860537,
      "median_cv": 0.006204084887719195,
      "mean_I": 4.429420667777711,
      "n_trials": 500
    },
    "0.01": {
      "mean_cv": 0.006132969294209721,
      "std_cv": 0.0011316843551732265,
      "median_cv": 0.006089916993127805,
      "mean_I": 4.42857563399945,
      "n_trials": 500
    },
    "0.05": {
      "mean_cv": 0.0062707650831592176,
      "std_cv": 0.0010665551880487468,
      "median_cv": 0.0061845451034979095,
      "mean_I": 4.428627021405014,
      "n_trials": 500
    },
    "0.1": {
      "mean_cv": 0.0061941692602652055,
      "std_cv": 0.001095125027317732,
      "median_cv": 0.006157629164564544,
      "mean_I": 4.4294499123842925,
      "n_trials": 500
    },
    "0.2": {
      "mean_cv": 0.00623708005566749,
      "std_cv": 0.0011001354692997424,
      "median_cv": 0.0062317121148362555,
      "mean_I": 4.4296509396913315,
      "n_trials": 500
    },
    "0.5": {
      "mean_cv": 0.006181192317979073,
      "std_cv": 0.001092680057088309,
      "median_cv": 0.006178799018906226,
      "mean_I": 4.4288006725716915,
      "n_trials": 500
    },
    "1.0": {
      "mean_cv": 0.006276932080861495,
      "std_cv": 0.001103012778185721,
      "median_cv": 0.006229075173790925,
      "mean_I": 4.427999609257416,
      "n_trials": 500
    },
    "2.0": {
      "mean_cv": 0.006208838127573852,
      "std_cv": 0.0011415274718854015,
      "median_cv": 0.006186145731936476,
      "mean_I": 4.42049835494473,
      "n_trials": 500
    },
    "5.0": {
      "mean_cv": 0.00576264500646816,
      "std_cv": 0.001167735489909049,
      "median_cv": 0.0057492648512552265,
      "mean_I": 4.39538911113768,
      "n_trials": 500
    },
    "10.0": {
      "mean_cv": 0.0043358029879085385,
      "std_cv": 0.0011296573840446865,
      "median_cv": 0.00428166563198203,
      "mean_I": 4.327595751087076,
      "n_trials": 500
    }
  },
  "attention": {
    "0.0": {
      "mean_cv": 0.007172436023575429,
      "std_cv": 0.0013193191197451012,
      "median_cv": 0.007124822536721348,
      "mean_I": 3.9091510558666367,
      "n_trials": 500
    },
    "0.01": {
      "mean_cv": 0.00568020410769102,
      "std_cv": 0.001042086210399599,
      "median_cv": 0.005624346942580817,
      "mean_I": 4.909161172955276,
      "n_trials": 500
    },
    "0.05": {
      "mean_cv": 0.005648960854536117,
      "std_cv": 0.0009745013964696544,
      "median_cv": 0.005592488349897918,
      "mean_I": 4.90906720821447,
      "n_trials": 500
    },
    "0.1": {
      "mean_cv": 0.0057285772093869855,
      "std_cv": 0.0009905416610429397,
      "median_cv": 0.005685306880832634,
      "mean_I": 4.908688778746058,
      "n_trials": 500
    },
    "0.2": {
      "mean_cv": 0.0055888315194714535,
      "std_cv": 0.0009596337955899501,
      "median_cv": 0.005555410562560575,
      "mean_I": 4.9071845812068515,
      "n_trials": 500
    },
    "0.5": {
      "mean_cv": 0.005701653998725223,
      "std_cv": 0.0009846857116283438,
      "median_cv": 0.00569482884863737,
      "mean_I": 4.890040776336848,
      "n_trials": 500
    },
    "1.0": {
      "mean_cv": 0.005928041191877306,
      "std_cv": 0.0010562932021430506,
      "median_cv": 0.005898722650362388,
      "mean_I": 4.7162387571119195,
      "n_trials": 500
    },
    "2.0": {
      "mean_cv": 0.006145763013846807,
      "std_cv": 0.0011038491591217128,
      "median_cv": 0.006074729176587039,
      "mean_I": 4.454483695875241,
      "n_trials": 500
    },
    "5.0": {
      "mean_cv": 0.00572559836971508,
      "std_cv": 0.0011233920265105478,
      "median_cv": 0.005634588571732914,
      "mean_I": 4.392089777840172,
      "n_trials": 500
    },
    "10.0": {
      "mean_cv": 0.004430880476365994,
      "std_cv": 0.0011788695056654845,
      "median_cv": 0.004435820235517775,
      "mean_I": 4.321372102275218,
      "n_trials": 500
    }
  },
  "hebbian": {
    "0.0": {
      "mean_cv": 0.00693390665108844,
      "std_cv": 0.0012506747212650093,
      "median_cv": 0.006852502401229893,
      "mean_I": 3.901343154807937,
      "n_trials": 500
    },
    "0.01": {
      "mean_cv": 0.005525642928498266,
      "std_cv": 0.001003340922284854,
      "median_cv": 0.005454810931418391,
      "mean_I": 4.901551052445531,
      "n_trials": 500
    },
    "0.05": {
      "mean_cv": 0.005532732497930052,
      "std_cv": 0.0009875529485952569,
      "median_cv": 0.005511062518544676,
      "mean_I": 4.901333390266351,
      "n_trials": 500
    },
    "0.1": {
      "mean_cv": 0.005484189196811584,
      "std_cv": 0.0010260555210709187,
      "median_cv": 0.005430603017883727,
      "mean_I": 4.901863634672016,
      "n_trials": 500
    },
    "0.2": {
      "mean_cv": 0.005575983765536108,
      "std_cv": 0.001064664646616885,
      "median_cv": 0.005551864065814011,
      "mean_I": 4.902013141468922,
      "n_trials": 500
    },
    "0.5": {
      "mean_cv": 0.005553050302755726,
      "std_cv": 0.0010007278467059233,
      "median_cv": 0.005518981178397603,
      "mean_I": 4.90162835531765,
      "n_trials": 500
    },
    "1.0": {
      "mean_cv": 0.00551623587007148,
      "std_cv": 0.001084579698472022,
      "median_cv": 0.005472132413190382,
      "mean_I": 4.900328417310623,
      "n_trials": 500
    },
    "2.0": {
      "mean_cv": 0.005429274936380066,
      "std_cv": 0.0010143274917415494,
      "median_cv": 0.0053341165980084135,
      "mean_I": 4.894120343742741,
      "n_trials": 500
    },
    "5.0": {
      "mean_cv": 0.00514088114586471,
      "std_cv": 0.0010298135990581547,
      "median_cv": 0.00508302282293056,
      "mean_I": 4.816042438293467,
      "n_trials": 500
    },
    "10.0": {
      "mean_cv": 0.004169627800004101,
      "std_cv": 0.0011019868466543756,
      "median_cv": 0.004018562395579163,
      "mean_I": 4.447871796616811,
      "n_trials": 500
    }
  }
}