{
  "0.0": {
    "cv": 2.2365782058820284e-11,
    "std": 3.147775423509072e-11,
    "n": 100
  },
  "0.1": {
    "cv": 0.0006972956494890761,
    "std": 4.0916205089118945e-05,
    "n": 100
  },
  "0.5": {
    "cv": 0.005019719666308946,
    "std": 0.00030238848642106966,
    "n": 100
  },
  "1.0": {
    "cv": 0.007120990342037027,
    "std": 0.0004409451455784689,
    "n": 100
  },
  "2.0": {
    "cv": 0.013864301947284118,
    "std": 0.001310062804161076,
    "n": 100
  },
  "5.0": {
    "cv": 0.025908199588270366,
    "std": 0.0022139624337296545,
    "n": 100
  },
  "10.0": {
    "cv": 0.029349565333397765,
    "std": 0.002367092115081603,
    "n": 100
  }
}