{
  "0.0": {
    "cv": 1.8794183037721336e-16,
    "std": 0.0,
    "n": 100
  },
  "0.001": {
    "cv": 1.8794183037721336e-16,
    "std": 0.0,
    "n": 100
  },
  "0.005": {
    "cv": 1.8794183037721336e-16,
    "std": 0.0,
    "n": 100
  },
  "0.01": {
    "cv": 1.8794183037721336e-16,
    "std": 0.0,
    "n": 100
  },
  "0.02": {
    "cv": 1.8794183037721336e-16,
    "std": 0.0,
    "n": 100
  },
  "0.05": {
    "cv": 1.8794183037721336e-16,
    "std": 0.0,
    "n": 100
  },
  "0.1": {
    "cv": 1.8794183037721336e-16,
    "std": 0.0,
    "n": 100
  },
  "0.2": {
    "cv": 1.8794183037721336e-16,
    "std": 0.0,
    "n": 100
  },
  "0.5": {
    "cv": 1.8794183037721336e-16,
    "std": 0.0,
    "n": 100
  },
  "1.0": {
    "cv": 1.8794183037721336e-16,
    "std": 0.0,
    "n": 100
  }
}