{
  "fixed_random": {
    "0.0": {
      "mean_cv": 0.005096841154758705,
      "std_cv": 0.0008784350728779994,
      "median_cv": 0.005077699032022434,
      "mean_I": 4.430620684686787,
      "n_trials": 500
    },
    "0.001": {
      "mean_cv": 0.0051445754339694795,
      "std_cv": 0.0009303398686979016,
      "median_cv": 0.005081239022316228,
      "mean_I": 4.4303019111519735,
      "n_trials": 500
    },
    "0.005": {
      "mean_cv": 0.005096123611396179,
      "std_cv": 0.0008857589984755004,
      "median_cv": 0.005055745408268468,
      "mean_I": 4.429889555596299,
      "n_trials": 500
    },
    "0.01": {
      "mean_cv": 0.0051072544185134915,
      "std_cv": 0.00089347067745027,
      "median_cv": 0.00505319158990899,
      "mean_I": 4.429746135196089,
      "n_trials": 500
    },
    "0.02": {
      "mean_cv": 0.005139932686921273,
      "std_cv": 0.0009084663227417282,
      "median_cv": 0.005053812202083176,
      "mean_I": 4.429157422129089,
      "n_trials": 500
    },
    "0.05": {
      "mean_cv": 0.005043391508331992,
      "std_cv": 0.0008589629859146851,
      "median_cv": 0.005022036226747191,
      "mean_I": 4.424947974313377,
      "n_trials": 500
    },
    "0.1": {
      "mean_cv": 0.004800099058535031,
      "std_cv": 0.000860007495008662,
      "median_cv": 0.004746646909680415,
      "mean_I": 4.409798118144799,
      "n_trials": 500
    },
    "0.2": {
      "mean_cv": 0.005860711553564972,
      "std_cv": 0.0005920941302619048,
      "median_cv": 0.005791110448186348,
      "mean_I": 4.3464182012014065,
      "n_trials": 500
    },
    "0.5": {
      "mean_cv": 0.010540060421786259,
      "std_cv": 0.0006584708548931186,
      "median_cv": 0.01049792206915236,
      "mean_I": 4.190487193932007,
      "n_trials": 500
    },
    "1.0": {
      "mean_cv": 0.011602718248096413,
      "std_cv": 0.0006931207167075942,
      "median_cv": 0.01157393363231813,
      "mean_I": 4.158534781334668,
      "n_trials": 500
    }
  },
  "attention": {
    "0.0": {
      "mean_cv": 0.005823269317942005,
      "std_cv": 0.0010244132221341063,
      "median_cv": 0.0057628668546242144,
      "mean_I": 3.9101576433961314,
      "n_trials": 500
    },
    "0.001": {
      "mean_cv": 0.005843554472692819,
      "std_cv": 0.001014021580270163,
      "median_cv": 0.005829412749051827,
      "mean_I": 3.910149191375438,
      "n_trials": 500
    },
    "0.005": {
      "mean_cv": 0.005906626436060946,
      "std_cv": 0.0010586228639471672,
      "median_cv": 0.005850972835073305,
      "mean_I": 3.9100821259762557,
      "n_trials": 500
    },
    "0.01": {
      "mean_cv": 0.005839623648320471,
      "std_cv": 0.0010664925996669524,
      "median_cv": 0.005756162496341262,
      "mean_I": 3.9099568716607602,
      "n_trials": 500
    },
    "0.02": {
      "mean_cv": 0.005792135725806085,
      "std_cv": 0.001050759134467372,
      "median_cv": 0.005698798918355177,
      "mean_I": 3.909386259937476,
      "n_trials": 500
    },
    "0.05": {
      "mean_cv": 0.005754757916981846,
      "std_cv": 0.0009718893966224638,
      "median_cv": 0.005701106105059316,
      "mean_I": 3.9052732435536273,
      "n_trials": 500
    },
    "0.1": {
      "mean_cv": 0.005538017751986729,
      "std_cv": 0.0009994038700521573,
      "median_cv": 0.005496773827262127,
      "mean_I": 3.890281156816147,
      "n_trials": 500
    },
    "0.2": {
      "mean_cv": 0.006702248227130685,
      "std_cv": 0.000709437449471668,
      "median_cv": 0.006627761498931652,
      "mean_I": 3.826656482963409,
      "n_trials": 500
    },
    "0.5": {
      "mean_cv": 0.012027225436233862,
      "std_cv": 0.0007469745668425264,
      "median_cv": 0.012032807192322605,
      "mean_I": 3.6695767780000326,
      "n_trials": 500
    },
    "1.0": {
      "mean_cv": 0.01326239203038876,
      "std_cv": 0.0008261818476103008,
      "median_cv": 0.013275978927710756,
      "mean_I": 3.636112720888125,
      "n_trials": 500
    }
  },
  "hebbian": {
    "0.0": {
      "mean_cv": 0.005850039175120936,
      "std_cv": 0.001050743396922075,
      "median_cv": 0.0058062051267830355,
      "mean_I": 3.9101487516089763,
      "n_trials": 500
    },
    "0.001": {
      "mean_cv": 0.005851798675204139,
      "std_cv": 0.0010195361411639132,
      "median_cv": 0.005749110616640496,
      "mean_I": 3.910146267126347,
      "n_trials": 500
    },
    "0.005": {
      "mean_cv": 0.005804232660080076,
      "std_cv": 0.0010127919408005222,
      "median_cv": 0.005764000142253431,
      "mean_I": 3.9101153134695337,
      "n_trials": 500
    },
    "0.01": {
      "mean_cv": 0.0058669912451454476,
      "std_cv": 0.0010830296638084103,
      "median_cv": 0.005766910120367148,
      "mean_I": 3.90995119320781,
      "n_trials": 500
    },
    "0.02": {
      "mean_cv": 0.005837178172347054,
      "std_cv": 0.0010241733903697558,
      "median_cv": 0.005717625171856371,
      "mean_I": 3.9093837777634106,
      "n_trials": 500
    },
    "0.05": {
      "mean_cv": 0.005626882669177637,
      "std_cv": 0.0009224914714486116,
      "median_cv": 0.005607010498876004,
      "mean_I": 3.905391571305895,
      "n_trials": 500
    },
    "0.1": {
      "mean_cv": 0.00549186938702475,
      "std_cv": 0.0010269589949642428,
      "median_cv": 0.005402550681856003,
      "mean_I": 3.890651891632046,
      "n_trials": 500
    },
    "0.2": {
      "mean_cv": 0.006649029995091459,
      "std_cv": 0.0007190679434327571,
      "median_cv": 0.006566122440148305,
      "mean_I": 3.827930043334603,
      "n_trials": 500
    },
    "0.5": {
      "mean_cv": 0.011965611677185737,
      "std_cv": 0.0006923922993509792,
      "median_cv": 0.011951157596620427,
      "mean_I": 3.670294697962342,
      "n_trials": 500
    },
    "1.0": {
      "mean_cv": 0.013304016951002648,
      "std_cv": 0.0008030789500460844,
      "median_cv": 0.013276454554908963,
      "mean_I": 3.6361912605971565,
      "n_trials": 500
    }
  }
}