{
  "L1: 16x20": {
    "cv": 0.03619274622138802,
    "drift": 0.1027755325081577,
    "I_start": 3.113139782551197,
    "I_end": 2.7931851836271675,
    "I_min": 2.6471870317318222,
    "I_max": 3.1847059921939067
  },
  "L2: 8x16": {
    "cv": 0.06025904056240687,
    "drift": 0.13007994314481663,
    "I_start": 2.7238132854424686,
    "I_end": 3.078126762749921,
    "I_min": 2.6717101490709663,
    "I_max": 3.4062359701212834
  },
  "L3: 4x8": {
    "cv": 0.027006416223045553,
    "drift": 0.07810548938275004,
    "I_start": 6.054303430111039,
    "I_end": 6.527177762391524,
    "I_min": 5.816922759665374,
    "I_max": 6.530737471514642
  }
}