{
  "oscillating_rank": {
    "cv_mean": 0.061996059733605516,
    "cv_max": 0.1550617436314962
  },
  "shape_flip": {
    "cv_mean": 0.6678294001219439,
    "cv_max": 0.667829400121944
  },
  "rapidly_changing": {
    "cv_mean": 0.14435072616100503,
    "cv_max": 0.17684974807164647
  },
  "eigenvalue_crossing": {
    "cv_mean": 0.005812688548608571,
    "cv_max": 0.007435034197858301
  },
  "sawtooth_strength": {
    "cv_mean": 0.21458799736762443,
    "cv_max": 0.3395601912934633
  },
  "anti_hebbian": {
    "cv_mean": 2.7548878047532664e-11,
    "cv_max": 4.393505776745431e-11
  },
  "triple_shape_cycle": {
    "cv_mean": 0.6901896129890313,
    "cv_max": 0.6901896129890317
  }
}